{
  "RAM VAN": 0.0,
  "CAB PLUS": 0.0216300619464496,
  "CLUB CAB": 0.04819633958550123,
  "XTRACAB": 0.06079106221173492,
  "CAB PLUS 4": 0.0947285789859895,
  "KING CAB": 0.11000569115924506,
  "KOUP": 0.11305312377344325,
  "HATCHBACK": 0.11717853523516816,
  "WAGON": 0.11907740540985993,
  "REGULAR CAB": 0.11929001462499887,
  "EXTENDED CAB": 0.1308751095342727,
  "MINIVAN": 0.1370769406702227,
  "SEDAN": 0.13892519413849783,
  "ELANTRA COUPE": 0.14717488303339282,
  "SUPERCAB": 0.1489538734766533,
  "ACCESS CAB": 0.16354183100568337,
  "VAN": 0.16892418425174827,
  "QUAD CAB": 0.17206349531399448,
  "G37 COUPE": 0.19073277700984656,
  "GENESIS COUPE": 0.19383523644444725,
  "COUPE": 0.19596937092454655,
  "SUV": 0.1965127614943275,
  "CONVERTIBLE": 0.21550447221129168,
  "REGULAR-CAB": 0.21652246625369034,
  "CTS WAGON": 0.21725139141818609,
  "BEETLE CONVERTIBLE": 0.22514441011170147,
  "TSX SPORT WAGON": 0.23282820525947542,
  "E-SERIES VAN": 0.23839488760304062,
  "G SEDAN": 0.24948728874221845,
  "G37 CONVERTIBLE": 0.25260584651615214,
  "CREW CAB": 0.266619939088508,
  "SUPERCREW": 0.27430049047462707,
  "G COUPE": 0.2826913001124917,
  "PROMASTER CARGO VAN": 0.28805489536612094,
  "CTS COUPE": 0.2899228634177669,
  "DOUBLE CAB": 0.29232916584765195,
  "TRANSIT VAN": 0.30113950211113716,
  "G CONVERTIBLE": 0.3335923218926643,
  "CREWMAX CAB": 0.3362215701225382,
  "MEGA CAB": 0.36959075493862775,
  "Q60 COUPE": 0.37884036701422663,
  "Q60 CONVERTIBLE": 0.4709015024634745,
  "CTS-V COUPE": 0.49891606146375,
  "CTS-V WAGON": 0.6562228024369017,
  "GRANTURISMO CONVERTIBLE": 1.0
}