{
  "DAEWOO": 0.0,
  "FORD TRUCK": 0.0005443483829650975,
  "DOT": 0.0006532180595581172,
  "GEO": 0.0008423074978512561,
  "DODGE TK": 0.0009798270893371758,
  "OLDSMOBILE": 0.0033432817430709095,
  "ISUZU": 0.008551905219340378,
  "CHEV TRUCK": 0.010451488952929876,
  "HYUNDAI TK": 0.011104707012487992,
  "FORD TK": 0.015677233429394814,
  "SATURN": 0.019501352671411922,
  "SAAB": 0.02108652678209922,
  "PONTIAC": 0.021854574354663505,
  "MERCURY": 0.022637499073709114,
  "SUZUKI": 0.02300764407890181,
  "PLYMOUTH": 0.02429317963496638,
  "SMART": 0.038197546176388326,
  "MAZDA TK": 0.039846301633045145,
  "GMC TRUCK": 0.04259278665618723,
  "MERCEDES": 0.04877529003177418,
  "MITSUBISHI": 0.050517622434321265,
  "VOLKSWAGEN": 0.058633308292894155,
  "SCION": 0.059957635008515704,
  "MAZDA": 0.061837840449732354,
  "FIAT": 0.06510943079408972,
  "BUICK": 0.06724496573259665,
  "HONDA": 0.06802824601417207,
  "CHRYSLER": 0.06845587351608871,
  "HYUNDAI": 0.06915907447065117,
  "DODGE": 0.06940231083583005,
  "VOLVO": 0.07227173571022096,
  "LANDROVER": 0.07261607428754402,
  "NISSAN": 0.07396584722008022,
  "KIA": 0.07447206318076058,
  "CHEVROLET": 0.07483195598607101,
  "TOYOTA": 0.07717582331680864,
  "MINI": 0.07782219925963535,
  "MERCEDES-B": 0.08655139289145053,
  "VW": 0.08670108869676592,
  "ACURA": 0.08823830016741777,
  "FORD": 0.09117184458620795,
  "CADILLAC": 0.0934133437797925,
  "JEEP": 0.09391553413077487,
  "SUBARU": 0.09437980508054455,
  "HUMMER": 0.09730875302200843,
  "GMC": 0.10706166073282816,
  "LINCOLN": 0.10770203543927645,
  "JAGUAR": 0.12676602492731168,
  "AUDI": 0.12753944195755024,
  "LEXUS": 0.12775612549608484,
  "INFINITI": 0.1298446672097362,
  "MERCEDES-BENZ": 0.13755867982893508,
  "BMW": 0.13957578977769747,
  "RAM": 0.16265088410583647,
  "LAND ROVER": 0.17870357509276327,
  "PORSCHE": 0.25415134205040163,
  "LOTUS": 0.26390009606147935,
  "MASERATI": 0.2844537837549365,
  "FISKER": 0.3008794962109083,
  "ASTON MARTIN": 0.35542901056676274,
  "TESLA": 0.4353982374806833,
  "AIRSTREAM": 0.46117195004803074,
  "BENTLEY": 0.4740443568094107,
  "LAMBORGHINI": 0.733073967339097,
  "FERRARI": 0.8390778097982708,
  "ROLLS-ROYCE": 1.0
}